owner_type,namespace,key,type,required_for_launch,source_of_truth,ui_slot,ai_fill_strategy,example
PRODUCT,askcrystal,primary_intention,single_line_text_field,true,metafield,"Hero badges; recommendation logic","Infer from title, material, product type, tags, and description; choose one lowercase intent key","calm"
PRODUCT,askcrystal,secondary_intentions,list.single_line_text_field,true,metafield,"Benefit chips; recommendation logic","Choose 2-5 lowercase intent keys; do not duplicate primary intention","[\"sleep\",\"intuition\",\"emotional_healing\"]"
PRODUCT,askcrystal,product_form,single_line_text_field,true,metafield,"Product details; collection automation","Use one canonical form key: bracelet, necklace, ring, earrings, anklet, pendant, tumbled_stone, raw_stone, set, or ritual_kit","necklace"
PRODUCT,askcrystal,crystal_materials,list.metaobject_reference,true,metafield,"Properties panel; agent grounding","Map product materials to askcrystal_crystal_material handles; use exact existing handles","[\"amethyst\"]"
PRODUCT,askcrystal,chakras,list.single_line_text_field,true,metafield,"Associated chakra row","Use canonical chakra keys only","[\"third_eye\",\"crown\"]"
PRODUCT,askcrystal,color_families,list.single_line_text_field,true,metafield,"Product details; color browsing collections","Use canonical color family keys only","[\"purple\"]"
PRODUCT,askcrystal,ritual_uses,list.single_line_text_field,true,metafield,"Product details; ritual browsing collections","Use canonical ritual-use keys only","[\"bedside\",\"daily_wear\"]"
PRODUCT,askcrystal,gift_for,list.single_line_text_field,false,metafield,"Gift browsing collections","Use only when the product is a strong gift fit for that recipient or occasion","[\"partner\",\"stress_relief\"]"
PRODUCT,askcrystal,western_elements,list.single_line_text_field,false,metafield,"Energy profile; future filters","Use fire, earth, air, water only","[\"water\",\"air\"]"
PRODUCT,askcrystal,five_elements,list.single_line_text_field,false,metafield,"Bazi/Five Elements matching","Use wood, fire, earth, metal, water only","[\"water\",\"metal\"]"
PRODUCT,askcrystal,zodiac_signs,list.single_line_text_field,false,metafield,"Associated zodiac row","Use lowercase zodiac keys only; leave blank for non-zodiac products if weak","[\"pisces\",\"sagittarius\",\"scorpio\"]"
PRODUCT,askcrystal,energetic_properties,list.single_line_text_field,true,metafield,"Energetic properties row","Write 3-6 concise adjective/noun phrases","[\"calming\",\"dream clarity\",\"spiritual protection\"]"
PRODUCT,askcrystal,archetype_name,single_line_text_field,false,metafield,"Story accent title","Optional poetic label under 5 words; avoid dramatic fate language","The Dream Keeper"
PRODUCT,askcrystal,story_headline,single_line_text_field,true,metafield,"Why this piece headline","One emotionally specific line; no medical claims","A quiet anchor for overstimulated nights"
PRODUCT,askcrystal,story_summary,multi_line_text_field,true,metafield,"Why this piece body","2-3 sentences grounded in tradition and product form; no guarantees","Amethyst is traditionally used when the mind feels too bright at night. This piece keeps that calming signal close without making the ritual complicated."
PRODUCT,askcrystal,benefits,list.single_line_text_field,true,metafield,"Benefits accordion/list","Three benefit lines tied to user intent and product form","[\"Softens mental chatter before sleep\",\"Supports intuitive reflection\",\"Pairs easily with a bedside ritual\"]"
PRODUCT,askcrystal,ritual_title,single_line_text_field,true,metafield,"Ritual section title","Name a simple ritual connected to primary intention","Nightstand Release Ritual"
PRODUCT,askcrystal,ritual_steps,list.single_line_text_field,true,metafield,"Ritual steps list","Three to five practical steps; avoid complex ceremony","[\"Hold the crystal for three slow breaths\",\"Name one thought you are ready to release\",\"Place it beside your bed before sleep\"]"
PRODUCT,askcrystal,care_steps,list.single_line_text_field,true,metafield,"Care guide list","Three practical care steps from material profile and product type","[\"Keep away from harsh chemicals\",\"Clean gently with a soft dry cloth\",\"Recharge on selenite or under moonlight\"]"
PRODUCT,askcrystal,included_items,list.single_line_text_field,true,metafield,"What's included card","List what customer receives; do not invent extras unless operationally true","[\"Crystal necklace\",\"Care pouch\",\"Simple intention card\"]"
PRODUCT,askcrystal,quality_notes,list.single_line_text_field,true,metafield,"Integrity/trust badges","Use verified store operations only","[\"Natural stone variations expected\",\"Quality checked before shipping\",\"Packed for delicate transit\"]"
PRODUCT,askcrystal,pairing_notes,multi_line_text_field,false,metafield,"Pairing recommendations; bundles","Suggest complementary materials or product forms when grounded","Pairs well with selenite for cleansing or rose quartz for emotional softness."
PRODUCT,askcrystal,safety_note,multi_line_text_field,true,metafield,"Care boundary/disclaimer","Use wellness boundary; add material-specific warning only when needed","For wellness and self-reflection only. Crystal guidance is not medical advice."
PRODUCT,askcrystal,agent_summary,multi_line_text_field,true,metafield,"Agent recommendation grounding","One compact recommendation rule for Numen; no hidden chain-of-thought","Recommend this when users ask for sleep support, calming mental noise, dreamwork, or third-eye/crown alignment."
PRODUCT,askcrystal,agent_tags,list.single_line_text_field,true,metafield,"Search/retrieval tags","Lowercase tags for intent, material, product form, chakra, element, color, and ritual use","[\"sleep\",\"calm\",\"third_eye\",\"crown\",\"amethyst\",\"necklace\"]"
PRODUCT,askcrystal,data_status,single_line_text_field,true,metafield,"Operations QA","Use draft, ai_filled, human_reviewed, or approved","human_reviewed"
METAOBJECT,askcrystal_crystal_material,name,single_line_text_field,true,metaobject,"Material profile","Canonical display name","Amethyst"
METAOBJECT,askcrystal_crystal_material,short_meaning,multi_line_text_field,true,metaobject,"Material education","Two sentence traditional meaning; no guarantees","Calming, intuitive, and traditionally linked with dreamwork."
METAOBJECT,askcrystal_crystal_material,primary_intentions,list.single_line_text_field,true,metaobject,"Material tags","Canonical intent keys","[\"calm\",\"sleep\",\"intuition\"]"
METAOBJECT,askcrystal_crystal_material,chakras,list.single_line_text_field,true,metaobject,"Material profile","Canonical chakra keys","[\"third_eye\",\"crown\"]"
METAOBJECT,askcrystal_crystal_material,care_notes,multi_line_text_field,true,metaobject,"Care guide fallback","Material safety and care notes","Avoid harsh chemicals. Clean gently with a soft cloth."
